{"TestRunID":"17c3fd34-e66c-43c5-bee6-6aaf8a043ac6","suiteExecutionID":"34daa410-e20f-4d3d-85e8-d34dffb0bd16","suiteXMLFile":"cypress","suiteExecutionStatus":"completed","failureCause":"","additionalProperties":[],"osUserName":"hensingh","ciInfo":{"jobName":"undefined","jobURL":"","buildID":"undefined","jobTriggeredBy":"hensingh","jobOwnerName":"hensingh","jobStartedByMeans":"unknown"},"testCaseID":"b18435a5db58f661928e65f7fa4348c8","testCaseExecutionID":"b18435a5db58f661928e65f7fa4348c8","canonicalTestCaseName":"merchmigrationnodeweb.Excel_input_file_-_file_upload(null)","parameters":"null","groups":[],"testCaseExecutionStatus":"PASSED","executionSourceIP":"127.0.0.1","executionSourceFQDN":"LM-MAA-40527936.paypalcorp.com","resultsSummary":{"totalCount":0,"passedCount":0,"failedCount":0,"skippedCount":0},"startTime":"1691939279527","endTime":"1691939296234","duration":"16707","executionArguments":["http://localhost:8000/merchantintegrationenablement"],"gitInfo":{"gitTestRepoURL":"https://github.paypal.com/Customers-R/merchmigrationnodeweb","gitTestBranch":"DTMMRH-167-Henry","CommitID":"b0fffb87803126a8ca2aed7a26d37e354045a0df"},"LibrariesVersion":["cypress:1.0"],"svMode":"AUTOMATIC"}{"TestRunID":"17c3fd34-e66c-43c5-bee6-6aaf8a043ac6","suiteExecutionID":"34daa410-e20f-4d3d-85e8-d34dffb0bd16","suiteXMLFile":"cypress","suiteExecutionStatus":"completed","failureCause":"","additionalProperties":[],"osUserName":"hensingh","ciInfo":{"jobName":"undefined","jobURL":"","buildID":"undefined","jobTriggeredBy":"hensingh","jobOwnerName":"hensingh","jobStartedByMeans":"unknown"},"testCaseID":"6592545267b66778b659ea0a38bada60","testCaseExecutionID":"6592545267b66778b659ea0a38bada60","canonicalTestCaseName":"merchmigrationnodeweb.Excel_input_file_-_drag_and_drop(null)","parameters":"null","groups":[],"testCaseExecutionStatus":"PASSED","executionSourceIP":"127.0.0.1","executionSourceFQDN":"LM-MAA-40527936.paypalcorp.com","resultsSummary":{"totalCount":0,"passedCount":0,"failedCount":0,"skippedCount":0},"startTime":"1691939285949","endTime":"1691939297241","duration":"11292","executionArguments":["http://localhost:8000/merchantintegrationenablement"],"gitInfo":{"gitTestRepoURL":"https://github.paypal.com/Customers-R/merchmigrationnodeweb","gitTestBranch":"DTMMRH-167-Henry","CommitID":"b0fffb87803126a8ca2aed7a26d37e354045a0df"},"LibrariesVersion":["cypress:1.0"],"svMode":"AUTOMATIC"}{"TestRunID":"17c3fd34-e66c-43c5-bee6-6aaf8a043ac6","suiteExecutionID":"34daa410-e20f-4d3d-85e8-d34dffb0bd16","suiteXMLFile":"cypress","suiteExecutionStatus":"completed","failureCause":"","additionalProperties":[],"osUserName":"hensingh","ciInfo":{"jobName":"undefined","jobURL":"","buildID":"undefined","jobTriggeredBy":"hensingh","jobOwnerName":"hensingh","jobStartedByMeans":"unknown"},"testCaseID":"f6e388f22cffbf8d26bd61a54de0dc4a","testCaseExecutionID":"f6e388f22cffbf8d26bd61a54de0dc4a","canonicalTestCaseName":"merchmigrationnodeweb.Invalid_file_format(null)","parameters":"null","groups":[],"testCaseExecutionStatus":"PASSED","executionSourceIP":"127.0.0.1","executionSourceFQDN":"LM-MAA-40527936.paypalcorp.com","resultsSummary":{"totalCount":0,"passedCount":0,"failedCount":0,"skippedCount":0},"startTime":"1691939295442","endTime":"1691939298010","duration":"2568","executionArguments":["http://localhost:8000/merchantintegrationenablement"],"gitInfo":{"gitTestRepoURL":"https://github.paypal.com/Customers-R/merchmigrationnodeweb","gitTestBranch":"DTMMRH-167-Henry","CommitID":"b0fffb87803126a8ca2aed7a26d37e354045a0df"},"LibrariesVersion":["cypress:1.0"],"svMode":"AUTOMATIC"}{"TestRunID":"17c3fd34-e66c-43c5-bee6-6aaf8a043ac6","suiteExecutionID":"34daa410-e20f-4d3d-85e8-d34dffb0bd16","suiteXMLFile":"cypress","suiteExecutionStatus":"completed","failureCause":"","additionalProperties":[],"osUserName":"hensingh","ciInfo":{"jobName":"undefined","jobURL":"","buildID":"undefined","jobTriggeredBy":"hensingh","jobOwnerName":"hensingh","jobStartedByMeans":"unknown"},"testCaseID":"a827f3f2d1242e3c8806946ecf1b28db","testCaseExecutionID":"a827f3f2d1242e3c8806946ecf1b28db","canonicalTestCaseName":"merchmigrationnodeweb.Multiple_files(null)","parameters":"null","groups":[],"testCaseExecutionStatus":"PASSED","executionSourceIP":"127.0.0.1","executionSourceFQDN":"LM-MAA-40527936.paypalcorp.com","resultsSummary":{"totalCount":0,"passedCount":0,"failedCount":0,"skippedCount":0},"startTime":"1691939297671","endTime":"1691939300211","duration":"2540","executionArguments":["http://localhost:8000/merchantintegrationenablement"],"gitInfo":{"gitTestRepoURL":"https://github.paypal.com/Customers-R/merchmigrationnodeweb","gitTestBranch":"DTMMRH-167-Henry","CommitID":"b0fffb87803126a8ca2aed7a26d37e354045a0df"},"LibrariesVersion":["cypress:1.0"],"svMode":"AUTOMATIC"}{"executionSourceIP":"127.0.0.1","executionSourceFQDN":"LM-MAA-40527936.paypalcorp.com","executionArguments":["http://localhost:8000/merchantintegrationenablement"],"ciInfo":{"jobName":"undefined","jobURL":"","buildID":"undefined","jobTriggeredBy":"hensingh","jobOwnerName":"hensingh","jobStartedByMeans":"unknown"},"gitInfo":{"gitTestRepoURL":"https://github.paypal.com/Customers-R/merchmigrationnodeweb","gitTestBranch":"DTMMRH-167-Henry","CommitID":"b0fffb87803126a8ca2aed7a26d37e354045a0df"},"labels":[],"suiteExecutionStatus":"COMPLETED","resultsSummary":{"passedCount":4,"failedCount":0,"skippedCount":0,"totalCount":4},"osUserName":"hensingh","testRunID":"17c3fd34-e66c-43c5-bee6-6aaf8a043ac6","suiteExecutionID":"34daa410-e20f-4d3d-85e8-d34dffb0bd16","startTime":"1691939296233","endTime":"1691939329340","suiteName":"batch upload","suiteFile":"cypress","duration":"33107","librariesVersion":[]}{"TestRunID":"17c3fd34-e66c-43c5-bee6-6aaf8a043ac6","suiteExecutionID":"2a91545b-f712-4429-b155-0e4de2b1ac90","suiteXMLFile":"cypress","suiteExecutionStatus":"completed","failureCause":"","additionalProperties":[],"osUserName":"hensingh","ciInfo":{"jobName":"undefined","jobURL":"","buildID":"undefined","jobTriggeredBy":"hensingh","jobOwnerName":"hensingh","jobStartedByMeans":"unknown"},"testCaseID":"6e7b2863cc6c7536cd9542b1b138f282","testCaseExecutionID":"6e7b2863cc6c7536cd9542b1b138f282","canonicalTestCaseName":"merchmigrationnodeweb.should_have_root_element(null)","parameters":"null","groups":[],"testCaseExecutionStatus":"PASSED","executionSourceIP":"127.0.0.1","executionSourceFQDN":"LM-MAA-40527936.paypalcorp.com","resultsSummary":{"totalCount":0,"passedCount":0,"failedCount":0,"skippedCount":0},"startTime":"1691939298459","endTime":"1691939301851","duration":"3392","executionArguments":["http://localhost:8000/merchantintegrationenablement"],"gitInfo":{"gitTestRepoURL":"https://github.paypal.com/Customers-R/merchmigrationnodeweb","gitTestBranch":"DTMMRH-167-Henry","CommitID":"b0fffb87803126a8ca2aed7a26d37e354045a0df"},"LibrariesVersion":["cypress:1.0"],"svMode":"AUTOMATIC"}{"TestRunID":"17c3fd34-e66c-43c5-bee6-6aaf8a043ac6","suiteExecutionID":"2a91545b-f712-4429-b155-0e4de2b1ac90","suiteXMLFile":"cypress","suiteExecutionStatus":"completed","failureCause":"","additionalProperties":[],"osUserName":"hensingh","ciInfo":{"jobName":"undefined","jobURL":"","buildID":"undefined","jobTriggeredBy":"hensingh","jobOwnerName":"hensingh","jobStartedByMeans":"unknown"},"testCaseID":"8842987546b147669448fe1568fc0d02","testCaseExecutionID":"8842987546b147669448fe1568fc0d02","canonicalTestCaseName":"merchmigrationnodeweb.should_load_home_page(null)","parameters":"null","groups":[],"testCaseExecutionStatus":"PASSED","executionSourceIP":"127.0.0.1","executionSourceFQDN":"LM-MAA-40527936.paypalcorp.com","resultsSummary":{"totalCount":0,"passedCount":0,"failedCount":0,"skippedCount":0},"startTime":"1691939300225","endTime":"1691939302771","duration":"2546","executionArguments":["http://localhost:8000/merchantintegrationenablement"],"gitInfo":{"gitTestRepoURL":"https://github.paypal.com/Customers-R/merchmigrationnodeweb","gitTestBranch":"DTMMRH-167-Henry","CommitID":"b0fffb87803126a8ca2aed7a26d37e354045a0df"},"LibrariesVersion":["cypress:1.0"],"svMode":"AUTOMATIC"}{"executionSourceIP":"127.0.0.1","executionSourceFQDN":"LM-MAA-40527936.paypalcorp.com","executionArguments":["http://localhost:8000/merchantintegrationenablement"],"ciInfo":{"jobName":"undefined","jobURL":"","buildID":"undefined","jobTriggeredBy":"hensingh","jobOwnerName":"hensingh","jobStartedByMeans":"unknown"},"gitInfo":{"gitTestRepoURL":"https://github.paypal.com/Customers-R/merchmigrationnodeweb","gitTestBranch":"DTMMRH-167-Henry","CommitID":"b0fffb87803126a8ca2aed7a26d37e354045a0df"},"labels":[],"suiteExecutionStatus":"COMPLETED","resultsSummary":{"passedCount":2,"failedCount":0,"skippedCount":0,"totalCount":2},"osUserName":"hensingh","testRunID":"17c3fd34-e66c-43c5-bee6-6aaf8a043ac6","suiteExecutionID":"2a91545b-f712-4429-b155-0e4de2b1ac90","startTime":"1691939301850","endTime":"1691939307788","suiteName":"Nav","suiteFile":"cypress","duration":"5938","librariesVersion":[]}{"TestRunID":"17c3fd34-e66c-43c5-bee6-6aaf8a043ac6","suiteExecutionID":"dad0e6fa-1f07-40dc-befe-af68eedba0ee","suiteXMLFile":"cypress","suiteExecutionStatus":"completed","failureCause":"","additionalProperties":[],"osUserName":"hensingh","ciInfo":{"jobName":"undefined","jobURL":"","buildID":"undefined","jobTriggeredBy":"hensingh","jobOwnerName":"hensingh","jobStartedByMeans":"unknown"},"testCaseID":"4ae76e41cdf614e60b99ed4476c5b888","testCaseExecutionID":"4ae76e41cdf614e60b99ed4476c5b888","canonicalTestCaseName":"merchmigrationnodeweb.US_business_account(null)","parameters":"null","groups":[],"testCaseExecutionStatus":"PASSED","executionSourceIP":"127.0.0.1","executionSourceFQDN":"LM-MAA-40527936.paypalcorp.com","resultsSummary":{"totalCount":0,"passedCount":0,"failedCount":0,"skippedCount":0},"startTime":"1691939291657","endTime":"1691939304200","duration":"12543","executionArguments":["http://localhost:8000/merchantintegrationenablement"],"gitInfo":{"gitTestRepoURL":"https://github.paypal.com/Customers-R/merchmigrationnodeweb","gitTestBranch":"DTMMRH-167-Henry","CommitID":"b0fffb87803126a8ca2aed7a26d37e354045a0df"},"LibrariesVersion":["cypress:1.0"],"svMode":"AUTOMATIC"}{"TestRunID":"17c3fd34-e66c-43c5-bee6-6aaf8a043ac6","suiteExecutionID":"dad0e6fa-1f07-40dc-befe-af68eedba0ee","suiteXMLFile":"cypress","suiteExecutionStatus":"completed","failureCause":"","additionalProperties":[],"osUserName":"hensingh","ciInfo":{"jobName":"undefined","jobURL":"","buildID":"undefined","jobTriggeredBy":"hensingh","jobOwnerName":"hensingh","jobStartedByMeans":"unknown"},"testCaseID":"c1cf432a5e963ab1c77adcf108d00f75","testCaseExecutionID":"c1cf432a5e963ab1c77adcf108d00f75","canonicalTestCaseName":"merchmigrationnodeweb.Non_US_business_account(null)","parameters":"null","groups":[],"testCaseExecutionStatus":"PASSED","executionSourceIP":"127.0.0.1","executionSourceFQDN":"LM-MAA-40527936.paypalcorp.com","resultsSummary":{"totalCount":0,"passedCount":0,"failedCount":0,"skippedCount":0},"startTime":"1691939297606","endTime":"1691939305092","duration":"7486","executionArguments":["http://localhost:8000/merchantintegrationenablement"],"gitInfo":{"gitTestRepoURL":"https://github.paypal.com/Customers-R/merchmigrationnodeweb","gitTestBranch":"DTMMRH-167-Henry","CommitID":"b0fffb87803126a8ca2aed7a26d37e354045a0df"},"LibrariesVersion":["cypress:1.0"],"svMode":"AUTOMATIC"}{"TestRunID":"17c3fd34-e66c-43c5-bee6-6aaf8a043ac6","suiteExecutionID":"dad0e6fa-1f07-40dc-befe-af68eedba0ee","suiteXMLFile":"cypress","suiteExecutionStatus":"completed","failureCause":"","additionalProperties":[],"osUserName":"hensingh","ciInfo":{"jobName":"undefined","jobURL":"","buildID":"undefined","jobTriggeredBy":"hensingh","jobOwnerName":"hensingh","jobStartedByMeans":"unknown"},"testCaseID":"7d6ec03a9f3ee1fcf90f42c3aded25ad","testCaseExecutionID":"7d6ec03a9f3ee1fcf90f42c3aded25ad","canonicalTestCaseName":"merchmigrationnodeweb.Personal_account(null)","parameters":"null","groups":[],"testCaseExecutionStatus":"PASSED","executionSourceIP":"127.0.0.1","executionSourceFQDN":"LM-MAA-40527936.paypalcorp.com","resultsSummary":{"totalCount":0,"passedCount":0,"failedCount":0,"skippedCount":0},"startTime":"1691939297414","endTime":"1691939305916","duration":"8502","executionArguments":["http://localhost:8000/merchantintegrationenablement"],"gitInfo":{"gitTestRepoURL":"https://github.paypal.com/Customers-R/merchmigrationnodeweb","gitTestBranch":"DTMMRH-167-Henry","CommitID":"b0fffb87803126a8ca2aed7a26d37e354045a0df"},"LibrariesVersion":["cypress:1.0"],"svMode":"AUTOMATIC"}{"TestRunID":"17c3fd34-e66c-43c5-bee6-6aaf8a043ac6","suiteExecutionID":"dad0e6fa-1f07-40dc-befe-af68eedba0ee","suiteXMLFile":"cypress","suiteExecutionStatus":"completed","failureCause":"","additionalProperties":[],"osUserName":"hensingh","ciInfo":{"jobName":"undefined","jobURL":"","buildID":"undefined","jobTriggeredBy":"hensingh","jobOwnerName":"hensingh","jobStartedByMeans":"unknown"},"testCaseID":"10fca6211577e279ff844c5dc037ccb1","testCaseExecutionID":"10fca6211577e279ff844c5dc037ccb1","canonicalTestCaseName":"merchmigrationnodeweb.Premier_account(null)","parameters":"null","groups":[],"testCaseExecutionStatus":"PASSED","executionSourceIP":"127.0.0.1","executionSourceFQDN":"LM-MAA-40527936.paypalcorp.com","resultsSummary":{"totalCount":0,"passedCount":0,"failedCount":0,"skippedCount":0},"startTime":"1691939297441","endTime":"1691939306786","duration":"9345","executionArguments":["http://localhost:8000/merchantintegrationenablement"],"gitInfo":{"gitTestRepoURL":"https://github.paypal.com/Customers-R/merchmigrationnodeweb","gitTestBranch":"DTMMRH-167-Henry","CommitID":"b0fffb87803126a8ca2aed7a26d37e354045a0df"},"LibrariesVersion":["cypress:1.0"],"svMode":"AUTOMATIC"}{"TestRunID":"17c3fd34-e66c-43c5-bee6-6aaf8a043ac6","suiteExecutionID":"dad0e6fa-1f07-40dc-befe-af68eedba0ee","suiteXMLFile":"cypress","suiteExecutionStatus":"completed","failureCause":"","additionalProperties":[],"osUserName":"hensingh","ciInfo":{"jobName":"undefined","jobURL":"","buildID":"undefined","jobTriggeredBy":"hensingh","jobOwnerName":"hensingh","jobStartedByMeans":"unknown"},"testCaseID":"44268622592f15d5ff7c2037c02e01c7","testCaseExecutionID":"44268622592f15d5ff7c2037c02e01c7","canonicalTestCaseName":"merchmigrationnodeweb.Closed_account(null)","parameters":"null","groups":[],"testCaseExecutionStatus":"PASSED","executionSourceIP":"127.0.0.1","executionSourceFQDN":"LM-MAA-40527936.paypalcorp.com","resultsSummary":{"totalCount":0,"passedCount":0,"failedCount":0,"skippedCount":0},"startTime":"1691939300789","endTime":"1691939307680","duration":"6891","executionArguments":["http://localhost:8000/merchantintegrationenablement"],"gitInfo":{"gitTestRepoURL":"https://github.paypal.com/Customers-R/merchmigrationnodeweb","gitTestBranch":"DTMMRH-167-Henry","CommitID":"b0fffb87803126a8ca2aed7a26d37e354045a0df"},"LibrariesVersion":["cypress:1.0"],"svMode":"AUTOMATIC"}{"executionSourceIP":"127.0.0.1","executionSourceFQDN":"LM-MAA-40527936.paypalcorp.com","executionArguments":["http://localhost:8000/merchantintegrationenablement"],"ciInfo":{"jobName":"undefined","jobURL":"","buildID":"undefined","jobTriggeredBy":"hensingh","jobOwnerName":"hensingh","jobStartedByMeans":"unknown"},"gitInfo":{"gitTestRepoURL":"https://github.paypal.com/Customers-R/merchmigrationnodeweb","gitTestBranch":"DTMMRH-167-Henry","CommitID":"b0fffb87803126a8ca2aed7a26d37e354045a0df"},"labels":[],"suiteExecutionStatus":"COMPLETED","resultsSummary":{"passedCount":5,"failedCount":0,"skippedCount":0,"totalCount":5},"osUserName":"hensingh","testRunID":"17c3fd34-e66c-43c5-bee6-6aaf8a043ac6","suiteExecutionID":"dad0e6fa-1f07-40dc-befe-af68eedba0ee","startTime":"1691939304200","endTime":"1691939348967","suiteName":"pro3.0 to orders v2","suiteFile":"cypress","duration":"44767","librariesVersion":[]}{"TestRunID":"17c3fd34-e66c-43c5-bee6-6aaf8a043ac6","suiteExecutionID":"70abee95-4d5e-40e5-b928-528e09a6842f","suiteXMLFile":"cypress","suiteExecutionStatus":"completed","failureCause":"","additionalProperties":[],"osUserName":"hensingh","ciInfo":{"jobName":"undefined","jobURL":"","buildID":"undefined","jobTriggeredBy":"hensingh","jobOwnerName":"hensingh","jobStartedByMeans":"unknown"},"testCaseID":"3bbc9a55f961b3532d993259cfc1cadb","testCaseExecutionID":"3bbc9a55f961b3532d993259cfc1cadb","canonicalTestCaseName":"merchmigrationnodeweb.US_business_account(null)","parameters":"null","groups":[],"testCaseExecutionStatus":"PASSED","executionSourceIP":"127.0.0.1","executionSourceFQDN":"LM-MAA-40527936.paypalcorp.com","resultsSummary":{"totalCount":0,"passedCount":0,"failedCount":0,"skippedCount":0},"startTime":"1691939301357","endTime":"1691939310755","duration":"9398","executionArguments":["http://localhost:8000/merchantintegrationenablement"],"gitInfo":{"gitTestRepoURL":"https://github.paypal.com/Customers-R/merchmigrationnodeweb","gitTestBranch":"DTMMRH-167-Henry","CommitID":"b0fffb87803126a8ca2aed7a26d37e354045a0df"},"LibrariesVersion":["cypress:1.0"],"svMode":"AUTOMATIC"}{"executionSourceIP":"127.0.0.1","executionSourceFQDN":"LM-MAA-40527936.paypalcorp.com","executionArguments":["http://localhost:8000/merchantintegrationenablement"],"ciInfo":{"jobName":"undefined","jobURL":"","buildID":"undefined","jobTriggeredBy":"hensingh","jobOwnerName":"hensingh","jobStartedByMeans":"unknown"},"gitInfo":{"gitTestRepoURL":"https://github.paypal.com/Customers-R/merchmigrationnodeweb","gitTestBranch":"DTMMRH-167-Henry","CommitID":"b0fffb87803126a8ca2aed7a26d37e354045a0df"},"labels":[],"suiteExecutionStatus":"COMPLETED","resultsSummary":{"passedCount":1,"failedCount":0,"skippedCount":0,"totalCount":1},"osUserName":"hensingh","testRunID":"17c3fd34-e66c-43c5-bee6-6aaf8a043ac6","suiteExecutionID":"70abee95-4d5e-40e5-b928-528e09a6842f","startTime":"1691939310755","endTime":"1691939320153","suiteName":"wps to orders v2 advanced","suiteFile":"cypress","duration":"9398","librariesVersion":[]}