{
  "services": {
    "servicecore": {
      "socketTimeout": 20000,
      "handshakeTimeout": 300,
      "connectTimeout": 10000 // helps with infinite redirects on login page
    },
    "@paypalcorp/merchmigrationpfmserv": {
      "hostname": "te-mmrh-release.qa.paypal.com",
      "handshakeTimeout": 3000
    }
  },

  "middleware": {
    "logger": {
      "module": {
        "name": "morgan",
        "arguments": ["dev"]
      }
    },

    //Overide Cal formatter options in development
    "cal": {
      "module": {
        "arguments": [
          {
            "pool": {
              "type": "stream", //possible options -  cald, stream, file
              "formatter": "silent" //possible options - JSON, pretty, silent, console, cal
            }
          }
        ]
      }
    },

    "sso": {
      "enabled": true,
      "priority": 108,
      "module": {
        "name": "sso-paypal",
        "arguments": [
          {
            "issuer": "te-merchmigration-develop",
            "protocol": "http://",
            "entryPoint": "https://ssoqa.paypalcorp.com/idp/SSO.saml2",
            "ssoKeyStore": "node_sso_2023_keystore",
            "user": {
              "countrycode": "0",
              "surname": "user",
              "displayname": "test",
              "department": "Dev Exp & API",
              "username": "tuser",
              "email": "tuser@paypal.com",
              "Role": [
                "PP_SSO_MigrationTools_Class3_Data_Viewer",
                "PP_SSO_MigrationTools_User"
              ]
            }
          }
        ]
      }
    },

    // Enable run-time compiling before static middleware
    "appsec": {
      "module": {
        "name": "lusca",
        "arguments": [
          {
            // NOTE: This is for testing only, and not a recommended pattern and csrf tokens should be used
            // with graphql route. x-csrf-token header can be used to pass the value from the client
            "csrf": false,
            /**
             * Reduce the stringency of the content security policy
             * Certain files are served from localhost that otherwise would not pass.
             */
            "csp": {
              "policy": {
                "default-src": "'self' https://*.paypal.com https://*.paypalobjects.com 'unsafe-inline'",
                "style-src": "'self' blob: https://*.paypal.com https://*.paypalobjects.com 'unsafe-inline'",
                "img-src": "'self' * data:",
                "object-src": "'self' https://*.paypal.com https://*.paypalobjects.com",
                "font-src": "'self' https://*.paypalobjects.com",
                "frame-src": "'self' https://*.paypalobjects.com https://*.paypal.com",
                "connect-src": "'self' 'unsafe-inline' 'unsafe-eval' ws://localhost:* http://localhost:* https://*.paypal.com https://*.paypalobjects.com",
                "script-src": "'self' 'unsafe-inline' 'unsafe-eval' http://localhost:* https://*.paypal.com https://*.paypalobjects.com"
              },
              "scriptNonce": true
            },
            "xframe": "SAMEORIGIN"
          }
        ]
      }
    },

    "locale": {
      "enabled": true,
      "priority": 114,
      "module": {
        "name": "locale",
        "arguments": [
          {
            "worldReady": {
              "localeResolution": {
                "availableLocales": "allI18nLocales"
              },
              "pseudoLocalizationFallback": true
            }
          }
        ]
      }
    }
  }
}
