{
  "services": {
    "@paypalcorp/merchmigrationpfmserv": {
      "hostname": "te-mmrh-release.qa.paypal.com"
    }
  },
  "middleware": {
    "sso": {
      "enabled": true,
      "priority": 108,
      "module": {
        "name": "sso-paypal",
        "arguments": [
          {
            "issuer": "te-merchmigration-develop",
            "protocol": "https://",
            "entryPoint": "https://ssoqa.paypalcorp.com/idp/SSO.saml2",
            "ssoKeyStore": "node_sso_2023_keystore",
            "user": {
              "countrycode": "0",
              "surname": "user",
              "displayname": "test",
              "department": "Dev Exp & API",
              "username": "tuser",
              "email": "tuser@paypal.com",
              "Role": [
                "PP_SSO_MigrationTools_Class3_Data_Viewer",
                "PP_SSO_MigrationTools_User"
              ]
            }
          }
        ]
      }
    }
  }
}